#Platformnumber	Nation code
3922	58
3921	58
3920	58
3919	58
3918	58
3917	58
3915	58
3913	58
3904	58
3900	58
3899	58
3894	58
3883	58
3688	58
3686	58
3680	58
3679	58
3654	58
3638	58
3636	58
3568	58
3565	58
3564	58
3552	58
3535	58
3522	58
3521	58
3494	58
3493	58
3492	58
3491	58
3490	58
3488	58
3487	58
3464	58
3425	58
3423	58
3420	58
3419	58
3418	58
3417	58
3410	58
3409	58
3390	58
3375	58
3365	58
3338	58
3336	58
3335	58
3334	58
3929	58
3928	58
3927	58
3926	58
3925	58
3795	58
3777	58
3773	58
3744	58
3740	58
3739	58
3736	58
3698	58
3694	58
3317	58
3316	58
3315	58
3314	58
3313	58
3312	58
3311	58
3285	58
3284	58
3283	58
3281	58
3269	58
3268	58
3267	58
3266	58
3265	58
3264	58
3263	58
3262	58
3261	58
3253	58
3234	58
3232	58
3230	58
3310	58
3309	58
3308	58
3307	58
3306	58
3229	58
3228	58
3227	58
3225	58
3224	58
3223	58
3222	58
3221	58
3215	58
3289	58
3288	58
3287	58
3286	58
3206	58
3204	58
3202	58
3194	58
3191	58
3186	58
3185	58
3182	58
3163	58
3162	58
3161	58
3160	58
3159	58
3158	58
3157	58
3141	58
3134	58
3130	58
3122	58
3120	58
3119	58
3111	58
3109	58
3107	58
3102	58
3096	58
3090	58
3089	58
3085	58
3077	58
3074	58
3072	58
3071	58
3069	58
3068	58
3062	58
3060	58
3059	58
3058	58
3055	58
3051	58
3039	58
3037	58
3009	58
3004	58
3205	58
2991	58
2989	58
2988	58
2987	58
2986	58
2984	58
2983	58
2982	58
2980	58
2979	58
2977	58
2975	58
2974	58
2962	58
2960	58
2959	58
2958	58
2957	58
2955	58
2954	58
2952	58
2948	58
2947	58
2946	58
2943	58
2940	58
2937	58
2936	58
2935	58
2932	58
2889	58
2886	58
2885	58
2884	58
2883	58
2882	58
2881	58
2879	58
2878	58
2874	58
2875	58
2876	58
2872	58
2985	58
2890	58
2891	58
2902	58
2904	58
2926	58
2928	58
2929	58
2930	58
2871	58
2869	58
2868	58
2867	58
2866	58
2865	58
2864	58
2810	58
2766	58
2765	58
2764	58
2761	58
2759	58
2757	58
2755	58
2753	58
2752	58
2751	58
2750	58
2749	58
2747	58
2743	58
2740	58
2739	58
2735	58
2732	58
2731	58
2729	58
2727	58
2724	58
3050	58
2723	58
2722	58
2720	58
9028	58
2719	58
4415	58
3892	58
10000	58
4011	58
3879	58
4704	58
4316	58
4799	58
3006	58
2021	58
1508	58
2165	58
3499	58
4715	58
2781	58
4946	58
3000	58
3463	58
1225	58
3596	58
2744	58
2051	58
4269	58
1895	58
4767	58
2487	58
2166	58
3768	58
2360	58
2856	58
2783	58
2999	58
3764	58
4315	58
2622	58
4530	58
3969	58
3201	58
1436	58
1149	58
3049	58
3368	58
1178	58
1055	58
1056	58
1189	58
1843	58
3798	58
3893	58
1190	58
2927	58
4151	58
2408	58
3355	58
4298	58
2014	58
4162	58
1540	58
1841	58
4341	58
2931	58
4863	58
2921	58
1785	58
1838	58
1903	58
1497	58
3525	58
4532	58
4375	58
4874	58
3298	58
3724	58
4618	58
4555	58
1757	58
1443	58
2167	58
4855	58
1197	58
1798	58
1544	58
2572	58
4743	58
4000	58
4564	58
4729	58
4510	58
1362	58
3866	58
1301	58
2110	58
3734	58
1368	58
3070	58
3384	58
4462	58
1029	58
4442	58
2318	58
2491	58
4524	58
4439	58
1353	58
1813	58
4387	58
4388	58
4144	58
3394	58
4449	58
2399	58
1217	58
2026	58
4169	58
1490	58
3981	58
2060	58
3063	58
1175	58
1624	58
3822	58
2838	58
4988	58
1027	58
3091	58
2847	58
3787	58
1905	58
4648	58
3968	58
1784	58
4567	58
4862	58
1236	58
1517	58
1694	58
2350	58
2714	58
1004	58
1123	58
4058	58
3697	58
2791	58
1450	58
3524	58
3252	58
1247	58
2445	58
1425	58
1710	58
1514	58
4209	58
1596	58
1703	58
2224	58
1628	58
3079	58
2385	58
1246	58
2261	58
4507	58
2402	58
3198	58
4804	58
3389	58
3427	58
2062	58
2312	58
2798	58
3806	58
2082	58
1584	58
1376	58
1686	58
2788	58
4050	58
4658	58
1947	58
1398	58
4502	58
3406	58
2282	58
1310	58
3246	58
1511	58
1671	58
1723	58
4607	58
1750	58
4751	58
1271	58
3542	58
1738	58
1491	58
4624	58
1597	58
4659	58
1873	58
1593	58
2101	58
1009	58
1701	58
1452	58
1618	58
3422	58
3731	58
2162	58
1970	58
3963	58
1600	58
2116	58
4858	58
2012	58
1804	58
2915	58
1894	58
2716	58
2480	58
2636	58
9029	58
3380	58
4245	58
3585	58
1116	58
1458	58
4019	58
1087	58
1034	58
1920	58
4463	58
4216	58
2129	58
4345	58
1702	58
1109	58
1111	58
1917	58
2075	58
4912	58
3405	58
3235	58
4072	58
1062	58
1779	58
2168	58
4825	58
3531	58
3602	58
1745	58
4332	58
3932	58
2712	58
3966	58
1984	58
1108	58
4970	58
1692	58
4304	58
1599	58
3996	58
4398	58
1847	58
3537	58
2169	58
1403	58
1922	58
4476	58
4376	58
4983	58
3971	58
1668	58
1413	58
2022	58
2019	58
2093	58
1585	58
4731	58
2085	58
3277	58
1537	58
4405	58
1995	58
1135	58
1677	58
4274	58
3792	58
4105	58
1355	58
3635	58
2419	58
4570	58
1960	58
2230	58
4886	58
2863	58
1647	58
2422	58
2136	58
1705	58
2057	58
3639	58
2492	58
2407	58
4322	58
2898	58
4636	58
4055	58
3569	58
1985	58
3840	58
4674	58
4880	58
2860	58
1158	58
3975	58
1684	58
2518	58
2324	58
3378	58
1198	58
3113	58
3776	58
4200	58
4657	58
3236	58
3990	58
1715	58
4195	58
3704	58
3415	58
1539	58
3088	58
1323	58
3398	58
1842	58
1261	58
4598	58
2239	58
3544	58
3577	58
4331	58
2525	58
4003	58
4399	58
1408	58
4672	58
1276	58
1721	58
2601	58
1324	58
4671	58
1435	58
1473	58
1382	58
2189	58
1577	58
4501	58
4870	58
3197	58
1249	58
2742	58
3642	58
3992	58
1780	58
3853	58
2187	58
3873	58
2613	58
3908	58
1414	58
2775	58
3437	58
3644	58
4111	58
3504	58
4654	58
2702	58
4259	58
2774	58
1837	58
1370	58
4741	58
2498	58
4409	58
4432	58
2614	58
4826	58
2978	58
1072	58
3895	58
1641	58
2700	58
2574	58
1354	58
1743	58
2933	58
2704	58
3685	58
2138	58
4956	58
2020	58
2353	58
4504	58
1171	58
1758	58
2441	58
2170	58
3445	58
2336	58
3816	58
1168	58
2912	58
4067	58
4744	58
1855	58
3706	58
1364	58
4054	58
1542	58
2122	58
4164	58
3784	58
3790	58
3297	58
3582	58
4389	58
4177	58
2916	58
2745	58
1256	58
4207	58
1265	58
2920	58
1015	58
1172	58
3559	58
4832	58
1350	58
4611	58
4142	58
1965	58
2069	58
1513	58
4742	58
2405	58
2171	58
3935	58
2896	58
2861	58
2400	58
2244	58
4957	58
4506	58
2303	58
1558	58
1068	58
1052	58
1155	58
1352	58
3695	58
1038	58
4396	58
4454	58
4457	58
2852	58
3601	58
3097	58
3195	58
1147	58
1125	58
4773	58
4070	58
4402	58
3249	58
3001	58
3940	58
4413	58
2013	58
4087	58
3440	58
1792	58
4085	58
1968	58
3901	58
1550	58
3587	58
2892	58
1022	58
3781	58
1066	58
3902	58
4349	58
2669	58
1869	58
3684	58
1966	58
3303	58
3413	58
3424	58
1349	58
2376	58
2809	58
1245	58
3239	58
3543	58
3476	58
4505	58
1839	58
2413	58
2374	58
4406	58
3471	58
3728	58
2111	58
3166	58
4977	58
4707	58
3345	58
3536	58
4353	58
3841	58
4651	58
1977	58
2330	58
3752	58
3578	58
1812	58
3381	58
2967	58
4759	58
2523	58
1047	58
4559	58
2231	58
4765	58
4735	58
2855	58
3151	58
3843	58
1748	58
3452	58
4663	58
3852	58
1166	58
2467	58
1069	58
2437	58
1361	58
1115	58
1117	58
1183	58
2262	58
3599	58
3170	58
3576	58
3719	58
3628	58
3189	58
3723	58
3835	58
4515	58
4469	58
4748	58
2899	58
3139	58
3973	58
2153	58
3034	58
4706	58
4865	58
3803	58
1755	58
2581	58
2737	58
2490	58
4287	58
3443	58
1546	58
4394	58
4860	58
1369	58
3178	58
3179	58
2725	58
3557	58
3673	58
3480	58
4679	58
3376	58
1699	58
2263	58
4076	58
2172	58
4682	58
4132	58
1882	58
1031	58
2510	58
4901	58
1590	58
3957	58
2665	58
1442	58
2311	58
1734	58
3692	58
4485	58
1121	58
2767	58
1712	58
2756	58
4907	58
1889	58
4791	58
1566	58
1728	58
2160	58
4289	58
2058	58
4280	58
4992	58
4738	58
1950	58
2536	58
3797	58
3276	58
4746	58
4606	58
1486	58
4639	58
1401	58
2143	58
3093	58
1814	58
1145	58
2140	58
1392	58
4728	58
2011	58
3864	58
1322	58
2961	58
1548	58
1858	58
4496	58
2212	58
1411	58
3554	58
1547	58
1003	58
1859	58
1044	58
2044	58
4925	58
1097	58
1098	58
2850	58
4414	58
3907	58
4623	58
2800	58
3954	58
3766	58
3517	58
2789	58
2281	58
4725	58
2144	58
3761	58
3339	58
2799	58
4700	58
1503	58
4727	58
4199	58
1426	58
4013	58
1163	58
3751	58
3013	58
1693	58
1504	58
1898	58
3991	58
4834	58
3614	58
3046	58
4380	58
2721	58
4921	58
2476	58
3659	58
2603	58
2066	58
4599	58
2656	58
1193	58
2425	58
3715	58
2372	58
1924	58
1722	58
3666	58
2078	58
2243	58
2285	58
3448	58
3466	58
3678	58
4872	58
1731	58
2479	58
3010	58
1279	58
3012	58
2535	58
1266	58
1297	58
3609	58
3888	58
3886	58
2527	58
3434	58
1424	58
3889	58
1146	58
1090	58
2339	58
4881	58
1736	58
2173	58
4747	58
3581	58
1025	58
1026	58
2481	58
4550	58
4104	58
2697	58
3622	58
3583	58
2593	58
1137	58
1016	58
4174	58
1527	58
2125	58
3203	58
1640	58
1046	58
3030	58
1512	58
3703	58
2880	58
2401	58
4084	58
2225	58
3377	58
2942	58
4342	58
2340	58
4498	58
2005	58
3974	58
4990	58
2041	58
4961	58
1089	58
4966	58
3650	58
3878	58
1840	58
3575	58
2119	58
1836	58
4792	58
3083	58
1595	58
4549	58
2434	58
2105	58
4656	58
1860	58
4121	58
3868	58
1274	58
2462	58
2944	58
4593	58
1482	58
3219	58
2035	58
1592	58
4340	58
1389	58
4769	58
3814	58
1523	58
4355	58
2591	58
1763	58
3250	58
3294	58
3022	58
4253	58
4123	58
4806	58
3836	58
2452	58
2708	58
3916	58
1919	58
2780	58
4288	58
1170	58
3025	58
3770	58
1100	58
3800	58
2174	58
3169	58
4495	58
2010	58
1652	58
1167	58
3579	58
4568	58
3435	58
1211	58
1926	58
2163	58
3672	58
3665	58
1626	58
1377	58
2546	58
1306	58
1005	58
4318	58
3018	58
4044	58
3465	58
4150	58
1456	58
2730	58
1520	58
2260	58
2587	58
1471	58
2240	58
4698	58
4371	58
3508	58
3460	58
2473	58
4365	58
1789	58
3733	58
1477	58
2457	58
3863	58
3844	58
3855	58
2076	58
1662	58
4739	58
4861	58
2086	58
2175	58
2905	58
2738	58
1822	58
4973	58
1348	58
1939	58
3646	58
2853	58
4445	58
4885	58
1333	58
1406	58
2427	58
4191	58
2335	58
2857	58
4883	58
1042	58
1317	58
2773	58
1277	58
1404	58
4793	58
1948	58
1524	58
4336	58
2862	58
4071	58
4114	58
3572	58
3545	58
4168	58
3065	58
1351	58
3634	58
2176	58
3350	58
2969	58
3033	58
3867	58
1625	58
2398	58
2247	58
1545	58
3530	58
1783	58
2234	58
1067	58
3735	58
1979	58
4295	58
4632	58
1232	58
1493	58
4830	58
3183	58
4154	58
1295	58
1823	58
4184	58
2715	58
3619	58
4152	58
1422	58
1304	58
1466	58
2177	58
3760	58
2037	58
2972	58
1698	58
4407	58
1557	58
4514	58
4526	58
3054	58
2108	58
3958	58
1825	58
4227	58
4676	58
4835	58
1248	58
4757	58
3436	58
3341	58
3124	58
2807	58
2079	58
2608	58
3702	58
4531	58
2127	58
3771	58
2393	58
1983	58
2801	58
1033	58
3529	58
4311	58
1455	58
1177	58
3110	58
3681	58
2004	58
3019	58
2278	58
1773	58
2634	58
3073	58
1293	58
4063	58
1001	58
1030	58
4655	58
3965	58
1643	58
2178	58
2779	58
2474	58
1173	58
2919	58
2710	58
3605	58
3105	58
3472	58
4649	58
2760	58
4364	58
1126	58
1136	58
1128	58
4408	58
2363	58
4588	58
4140	58
3304	58
3621	58
1594	58
1141	58
3095	58
3720	58
4538	58
1986	58
2255	58
1614	58
1479	58
1379	58
3618	58
3710	58
1059	58
2201	58
4284	58
3611	58
2997	58
3755	58
1605	58
3354	58
1816	58
3571	58
2996	58
1735	58
1811	58
4614	58
3271	58
3737	58
2349	58
3433	58
4419	58
1522	58
4338	58
1457	58
2307	58
4107	58
2482	58
3857	58
4653	58
3989	58
1794	58
1309	58
1036	58
2351	58
1006	58
1051	58
1054	58
1007	58
1432	58
1308	58
4641	58
1982	58
4922	58
4489	58
4317	58
3960	58
1083	58
1142	58
2274	58
1685	58
1078	58
4904	58
2877	58
1213	58
4571	58
2911	58
1467	58
2617	58
3238	58
3066	58
3555	58
3556	58
1127	58
1775	58
3765	58
3809	58
2056	58
2423	58
2790	58
1002	58
2642	58
1194	58
1459	58
1912	58
2418	58
4493	58
1880	58
4290	58
4975	58
3382	58
3454	58
1077	58
1294	58
4917	58
3523	58
1318	58
3211	58
2147	58
3209	58
2149	58
2151	58
2150	58
2148	58
3212	58
3214	58
3210	58
3213	58
3216	58
4911	58
4915	58
4920	58
4913	58
4914	58
4941	58
4940	58
4947	58
4945	58
4952	58
4948	58
4943	58
4995	58
4939	58
4991	58
4989	58
4967	58
4965	58
4993	58
4974	58
4604	58
4935	58
4937	58
4953	58
4960	58
4247	58
4950	58
4954	58
4959	58
4963	58
4964	58
4969	58
4979	58
4994	58
4933	58
4951	58
4179	58
4230	58
4306	58
4273	58
4258	58
4250	58
4251	58
4237	58
4236	58
4235	58
4231	58
4224	58
4219	58
4929	58
4853	58
4686	58
4569	58
4484	58
4417	58
4386	58
4378	58
4182	58
4260	58
4262	58
4272	58
4275	58
4313	58
4377	58
4382	58
4385	58
4401	58
4412	58
4420	58
4426	58
4455	58
4557	58
4565	58
4578	58
4581	58
4603	58
4178	58
4180	58
4181	58
4225	58
4228	58
4229	58
4232	58
4234	58
4240	58
4242	58
4243	58
4379	58
4220	58
4244	58
4248	58
4537	58
4438	58
4433	58
4429	58
4421	58
4416	58
4403	58
4292	58
4265	58
4257	58
4221	58
4223	58
4238	58
4239	58
4246	58
4256	58
4756	58
4589	58
4608	58
4446	58
4494	58
4523	58
1134	58
1530	58
4934	58
1161	58
2092	58
1865	58
2380	58
1273	58
1138	58
2584	58
3671	58
2337	58
3479	58
4813	58
4109	58
4891	58
3127	58
1154	58
2641	58
4509	58
4668	58
2519	58
4619	58
4976	58
1501	58
4696	58
2375	58
2438	58
4829	58
2123	58
4666	58
4713	58
3392	58
1099	58
1576	58
2179	58
2411	58
4356	58
2486	58
2828	58
2454	58
2451	58
3397	58
3898	58
1809	58
1386	58
3532	58
2268	58
2326	58
1202	58
3254	58
3067	58
3461	58
4972	58
2305	58
2379	58
1928	58
1538	58
2843	58
4017	58
1583	58
1371	58
4610	58
1433	58
1559	58
4903	58
1788	58
3128	58
1192	58
1768	58
3129	58
3539	58
3094	58
4491	58
1819	58
3769	58
3121	58
4427	58
3988	58
1012	58
1013	58
1018	58
1019	58
3767	58
4128	58
1010	58
2357	58
4328	58
2953	58
2055	58
2087	58
3301	58
1881	58
3778	58
3474	58
4450	58
3084	58
1434	58
3503	58
3078	58
2533	58
1897	58
2818	58
1360	58
2571	58
3952	58
1549	58
1857	58
3143	58
1707	58
1203	58
3404	58
1181	58
2918	58
2323	58
4282	58
3713	58
3148	58
3455	58
1374	58
4281	58
1636	58
2236	58
4374	58
4900	58
1818	58
4024	58
1676	58
3653	58
2500	58
3131	58
2180	58
1278	58
3641	58
3999	58
4343	58
2797	58
3500	58
1346	58
2314	58
3616	58
2367	58
2832	58
2124	58
1418	58
3172	58
1969	58
2494	58
1231	58
4817	58
4856	58
3321	58
3756	58
4802	58
3620	58
3020	58
2265	58
4528	58
2570	58
1649	58
2049	58
1359	58
3438	58
4544	58
1238	58
2251	58
4962	58
4436	58
1383	58
4305	58
4783	58
2304	58
4553	58
4893	58
1799	58
1485	58
4562	58
4196	58
1623	58
4302	58
1607	58
4770	58
1397	58
4709	58
3477	58
3885	58
4201	58
2142	58
1251	58
2081	58
1214	58
3854	58
4138	58
3256	58
1073	58
3608	58
3184	58
1222	58
4752	58
1872	58
1651	58
1201	58
2914	58
4516	58
3690	58
4069	58
4286	58
1691	58
3846	58
2275	58
3632	58
2796	58
1650	58
2052	58
2901	58
3005	58
1468	58
2226	58
2415	58
1400	58
2836	58
4609	58
1826	58
2382	58
2530	58
2849	58
3732	58
1328	58
2508	58
1918	58
4646	58
4622	58
3395	58
2181	58
4267	58
1079	58
2155	58
1212	58
2965	58
1776	58
2331	58
3363	58
3896	58
1688	58
3848	58
3469	58
2391	58
4677	58
3972	58
4796	58
4637	58
2333	58
9305	58
4898	58
4723	58
3002	58
1565	58
4366	58
3533	58
2313	58
3031	58
4602	58
3823	58
4585	58
1988	58
2903	58
4522	58
2827	58
3869	58
1724	58
2469	58
2466	58
2015	58
2531	58
4391	58
3725	58
2186	58
3279	58
4566	58
3825	58
2824	58
1291	58
2909	58
1206	58
2489	58
3190	58
2624	58
2770	58
2090	58
3782	58
3467	58
2528	58
3909	58
2870	58
2216	58
2130	58
1440	58
3827	58
4547	58
3242	58
4600	58
1229	58
1990	58
3080	58
3302	58
1472	58
1541	58
2895	58
4007	58
2873	58
1833	58
2917	58
3837	58
1262	58
2016	58
1340	58
3145	58
2100	58
1578	58
1737	58
3746	58
1144	58
2814	58
3441	58
1888	58
2478	58
1644	58
1962	58
2317	58
2507	58
1601	58
3591	58
3595	58
1637	58
3329	58
3154	58
1462	58
2792	58
3871	58
2042	58
3812	58
2050	58
2825	58
2088	58
1320	58
1975	58
4540	58
3199	58
3478	58
1610	58
2556	58
4905	58
2302	58
2009	58
2514	58
4798	58
1696	58
4124	58
1228	58
4737	58
4927	58
1695	58
3462	58
3829	58
2183	58
1762	58
4824	58
1476	58
3910	58
3196	58
3753	58
1667	58
3135	58
1906	58
2845	58
2002	58
2306	58
4075	58
1223	58
4986	58
2447	58
3785	58
1807	58
4192	58
4626	58
3612	58
4579	58
3296	58
2990	58
1327	58
4176	58
4303	58
3099	58
4841	58
1286	58
4625	58
4690	58
4061	58
3451	58
4716	58
4711	58
4453	58
4890	58
3351	58
4080	58
3342	58
1174	58
3023	58
3526	58
4487	58
2524	58
2128	58
3387	58
4310	58
4010	58
4790	58
1388	58
1409	58
2456	58
2038	58
1764	58
4431	58
1598	58
1162	58
2184	58
1244	58
2185	58
3112	58
2154	58
4771	58
1631	58
4854	58
3156	58
1669	58
1254	58
3106	58
2135	58
2833	58
2023	58
2084	58
2346	58
4978	58
3231	58
1717	58
3986	58
1307	58
1220	58
4323	58
1877	58
4533	58
4563	58
1299	58
3220	58
2267	58
1871	58
1118	58
1316	58
1543	58
1673	58
4831	58
3711	58
1394	58
4763	58
1567	58
3911	58
1500	58
4499	58
1314	58
4057	58
1874	58
4643	58
3712	58
2939	58
1428	58
1716	58
1714	58
2981	58
3648	58
3718	58
2829	58
1573	58
4597	58
4112	58
4046	58
2830	58
1453	58
3248	58
1674	58
4908	58
1263	58
2619	58
4036	58
4710	58
1039	58
1981	58
3408	58
2327	58
3663	58
1666	58
1997	58
2397	58
3515	58
2802	58
4296	58
3691	58
4320	58
4805	58
2844	58
3801	58
2835	58
4717	58
2475	58
3507	58
1292	58
1852	58
2529	58
1887	58
4351	58
4464	58
4126	58
3580	58
3356	58
4325	58
2502	58
3132	58
1122	58
2635	58
4616	58
4753	58
3349	58
3506	58
2695	58
3481	58
1795	58
1133	58
3763	58
3200	58
4222	58
4324	58
2998	58
1321	58
4301	58
2813	58
2592	58
2235	58
2841	58
4441	58
4337	58
1381	58
1106	58
4215	58
3514	58
3573	58
2252	58
4705	58
3830	58
3470	58
4166	58
3721	58
3588	58
3758	58
2609	58
3683	58
3563	58
2610	58
3527	58
4358	58
2503	58
2501	58
1008	58
1017	58
1961	58
3411	58
2470	58
2754	58
4730	58
4264	58
2332	58
4480	58
2159	58
4334	58
1753	58
3176	58
2188	58
2698	58
4452	58
3098	58
3600	58
4233	58
4800	58
3839	58
2341	58
1588	58
3786	58
3528	58
4576	58
4803	58
4691	58
1989	58
3652	58
2034	58
1821	58
1045	58
4545	58
4647	58
4833	58
2371	58
1207	58
4344	58
1250	58
2420	58
2256	58
2003	58
2683	58
2270	58
1526	58
2192	58
1302	58
3041	58
1572	58
2741	58
3150	58
2840	58
2273	58
3108	58
3057	58
1070	58
3598	58
4393	58
1704	58
3675	58
4028	58
3749	58
3217	58
3788	58
2538	58
3430	58
2137	58
1218	58
1801	58
4762	58
4092	58
1942	58
4980	58
2416	58
3116	58
1200	58
3171	58
4840	58
1678	58
4277	58
1976	58
3633	58
1952	58
4652	58
3630	58
2443	58
4936	58
4430	58
4719	58
4307	58
1407	58
1587	58
4041	58
3486	58
1713	58
1603	58
1140	58
1227	58
3993	58
2031	58
1437	58
1810	58
3707	58
1420	58
4490	58
1927	58
1957	58
1890	58
2328	58
2542	58
3370	58
4887	58
4660	58
1480	58
2522	58
1883	58
1345	58
2347	58
1575	58
4633	58
3699	58
3549	58
2950	58
3847	58
3188	58
3513	58
4714	58
3029	58
1953	58
4428	58
3859	58
3546	58
2211	58
1230	58
4193	58
3431	58
1528	58
4183	58
4640	58
2220	58
3086	58
4924	58
1153	58
1187	58
1923	58
3748	58
1048	58
1802	58
3076	58
2043	58
4326	58
2364	58
1930	58
4548	58
4161	58
1221	58
3292	58
4212	58
1094	58
3860	58
1241	58
4503	58
3897	58
1531	58
2464	58
2361	58
3730	58
4333	58
1081	58
1082	58
3053	58
1933	58
2851	58
3391	58
2446	58
4130	58
1845	58
3850	58
1791	58
4208	58
3024	58
4486	58
2348	58
2459	58
3272	58
3714	58
4103	58
1622	58
4078	58
1910	58
1041	58
3273	58
4047	58
4932	58
3280	58
1084	58
1630	58
1124	58
2193	58
2345	58
3015	58
3373	58
1396	58
2468	58
1955	58
3538	58
4043	58
4838	58
4135	58
1185	58
2315	58
3383	58
1258	58
3584	58
1237	58
4836	58
2322	58
4456	58
4474	58
4350	58
2030	58
1259	58
4631	58
3906	58
4481	58
3044	58
1305	58
2784	58
4665	58
1492	58
2006	58
4837	58
3496	58
1219	58
1049	58
4357	58
1429	58
1851	58
1875	58
3343	58
2709	58
2460	58
4330	58
2426	58
1494	58
2395	58
4500	58
1393	58
1233	58
1582	58
2687	58
4329	58
4758	58
4074	58
2222	58
3818	58
1853	58
3136	58
2063	58
2242	58
2515	58
4206	58
2132	58
4615	58
2115	58
4278	58
2805	58
1589	58
1679	58
3367	58
2532	58
2623	58
1987	58
1553	58
2894	58
4139	58
1994	58
3851	58
2497	58
1255	58
2819	58
2053	58
4448	58
1092	58
1139	58
4669	58
1196	58
3668	58
1050	58
2433	58
4213	58
2258	58
2334	58
1876	58
3187	58
4680	58
3604	58
4020	58
2091	58
2728	58
1412	58
4465	58
4205	58
1862	58
4864	58
1925	58
1430	58
1769	58
1946	58
1936	58
1390	58
2209	58
4381	58
2388	58
3651	58
1519	58
1357	58
1157	58
2114	58
4827	58
1043	58
2370	58
3165	58
3372	58
4397	58
4587	58
3442	58
1771	58
1949	58
2812	58
2787	58
1014	58
1186	58
1331	58
4300	58
1365	58
1509	58
1102	58
1028	58
1834	58
2618	58
1782	58
1169	58
4617	58
1148	58
3402	58
3118	58
3669	58
4163	58
4368	58
2803	58
1521	58
2785	58
3890	58
4497	58
1021	58
3133	58
2506	58
2444	58
4591	58
3144	58
4175	58
3625	58
3548	58
2662	58
2120	58
1215	58
1536	58
2908	58
3700	58
3247	58
1790	58
3468	58
3779	58
3385	58
2820	58
4488	58
1499	58
4134	58
4189	58
3772	58
4035	58
2238	58
2963	58
1096	58
1113	58
3985	58
1774	58
4137	58
3593	58
3244	58
1632	58
3379	58
1075	58
4795	58
3007	58
1740	58
2214	58
1101	58
1103	58
4091	58
3243	58
1114	58
4217	58
3193	58
3647	58
1634	58
1199	58
2713	58
3347	58
2104	58
1954	58
2463	58
3259	58
1184	58
4551	58
1061	58
3374	58
4187	58
1727	58
2758	58
3386	58
3014	58
2763	58
2540	58
4108	58
1964	58
1268	58
3870	58
2517	58
2436	58
3290	58
1130	58
3045	58
1510	58
1642	58
4592	58
1915	58
4346	58
4440	58
3337	58
4129	58
3293	58
4285	58
1366	58
1900	58
1786	58
2793	58
3606	58
3953	58
3407	58
1451	58
1037	58
1415	58
2575	58
2854	58
1143	58
4584	58
2017	58
1751	58
2040	58
2663	58
3872	58
4926	58
3299	58
2821	58
4586	58
4583	58
1999	58
4539	58
2834	58
2355	58
3168	58
2381	58
1943	58
3550	58
2277	58
3939	58
3891	58
2213	58
2703	58
4021	58
1689	58
3677	58
3181	58
4384	58
3257	58
4299	58
4875	58
1611	58
1431	58
1682	58
3717	58
4955	58
1264	58
3192	58
2616	58
3594	58
2786	58
1057	58
3366	58
1971	58
4348	58
4906	58
1204	58
3995	58
3270	58
4897	58
4981	58
1655	58
3495	58
4143	58
2365	58
3551	58
2103	58
4120	58
4065	58
1754	58
4276	58
1680	58
2746	58
4291	58
2194	58
3759	58
4210	58
2448	58
3087	58
1797	58
1675	58
4319	58
2607	58
3026	58
4525	58
4479	58
4982	58
2736	58
2039	58
3502	58
1709	58
3629	58
1367	58
2435	58
1288	58
1574	58
1938	58
2924	58
1562	58
4214	58
3043	58
3813	58
3794	58
4697	58
3727	58
2406	58
2493	58
3104	58
1864	58
1358	58
4702	58
3103	58
1896	58
4722	58
3483	58
4984	58
2992	58
4857	58
1993	58
3887	58
2126	58
1867	58
1311	58
2161	58
3047	58
4985	58
4694	58
2776	58
2195	58
3218	58
1226	58
1569	58
1195	58
2196	58
3982	58
2028	58
4077	58
3511	58
1272	58
1518	58
1741	58
2098	58
1580	58
4283	58
1339	58
2621	58
1410	58
1958	58
3360	58
1285	58
1395	58
1257	58
1886	58
3371	58
1488	58
4321	58
4218	58
1399	58
2699	58
2432	58
2384	58
4662	58
3038	58
3117	58
2897	58
2831	58
4996	58
3167	58
2099	58
1739	58
1744	58
4916	58
4873	58
3592	58
3291	58
1205	58
1828	58
1861	58
2887	58
3412	58
3903	58
4202	58
3429	58
1767	58
4444	58
1996	58
1423	58
2343	58
2521	58
3042	58
2067	58
3842	58
2428	58
3603	58
1998	58
3126	58
1024	58
3617	58
1378	58
2329	58
3820	58
1978	58
4435	58
4760	58
3509	58
1827	58
3793	58
2569	58
2297	58
2404	58
3832	58
4026	58
1040	58
3726	58
1866	58
2197	58
3661	58
3444	58
3674	58
4884	58
2816	58
3558	58
1481	58
1487	58
2352	58
2541	58
4153	58
1071	58
1188	58
4327	58
2968	58
2219	58
4775	58
3426	58
3473	58
4347	58
4634	58
4928	58
4404	58
4102	58
1935	58
1664	58
1829	58
4910	58
4367	58
2417	58
3667	58
4764	58
4089	58
2910	58
3152	58
3142	58
1119	58
2001	58
1454	58
4594	58
4190	58
4459	58
1444	58
1091	58
2771	58
1613	58
1980	58
1446	58
4167	58
1375	58
3519	58
2701	58
4693	58
1561	58
1344	58
2248	58
3403	58
1281	58
3586	58
2512	58
3357	58
2366	58
4012	58
1904	58
2368	58
4816	58
2421	58
2553	58
4045	58
4810	58
3416	58
4241	58
1602	58
1384	58
1269	58
1208	58
2096	58
2711	58
4052	58
1974	58
1849	58
2837	58
1635	58
4815	58
2027	58
3742	58
3833	58
1387	58
3140	58
3534	58
1532	58
3359	58
2299	58
4644	58
1312	58
3475	58
4040	58
1672	58
1661	58
1959	58
3035	58
1347	58
3399	58
4477	58
4720	58
2396	58
3032	58
2597	58
3774	58
3540	58
4605	58
2198	58
4390	58
4699	58
1329	58
1932	58
3300	58
3566	58
1719	58
4754	58
2253	58
2461	58
4814	58
2158	58
1461	58
2691	58
1681	58
2925	58
2369	58
1951	58
4692	58
1730	58
4971	58
2190	58
4942	58
4118	58
1507	58
4518	58
3750	58
4508	58
1260	58
3516	58
3831	58
1243	58
3979	58
1793	58
1498	58
2319	58
1385	58
3589	58
1854	58
2668	58
2199	58
3432	58
2794	58
2511	58
2029	58
3278	58
1831	58
3884	58
2152	58
4923	58
1972	58
2246	58
1156	58
1475	58
2102	58
1747	58
2293	58
3660	58
4106	58
4122	58
1313	58
2200	58
3560	58
1570	58
4650	58
1902	58
1899	58
1065	58
4899	58
3017	58
1332	58
4596	58
3637	58
4372	58
2156	58
4664	58
4708	58
1824	58
2692	58
2048	58
1179	58
4889	58
2906	58
1234	58
1253	58
3240	58
1159	58
4772	58
4919	58
4661	58
2095	58
1579	58
2390	58
4308	58
3815	58
4712	58
4768	58
2672	58
3624	58
4018	58
2951	58
1551	58
4066	58
4740	58
1315	58
1878	58
2054	58
1884	58
1683	58
1991	58
1663	58
1088	58
1107	58
2804	58
1756	58
3153	58
2900	58
1617	58
4117	58
1929	58
2465	58
4882	58
1216	58
2499	58
1343	58
2484	58
4527	58
1718	58
1035	58
2182	58
4400	58
3092	58
1654	58
4090	58
3709	58
4894	58
4254	58
2670	58
1659	58
1868	58
2440	58
2516	58
1448	58
1449	58
2913	58
1963	58
3226	58
1085	58
1697	58
4266	58
4131	58
3396	58
1150	58
3512	58
3791	58
3783	58
2826	58
1210	58
2271	58
1356	58
2007	58
3175	58
4226	58
3008	58
2061	58
1609	58
4703	58
3997	58
1916	58
1427	58
4127	58
4271	58
4896	58
3743	58
2254	58
3241	58
3729	58
2378	58
2383	58
2858	58
4483	58
2344	58
3834	58
4198	58
4437	58
2046	58
3016	58
1563	58
1670	58
4339	58
3125	58
4478	58
4279	58
4472	58
2288	58
1891	58
4801	58
1749	58
1416	58
4513	58
2064	58
1284	58
4580	58
4620	58
2412	58
4361	58
2227	58
4009	58
2453	58
1658	58
4675	58
1465	58
2202	58
4724	58
1325	58
3845	58
3449	58
1648	58
3482	58
2295	58
1742	58
2203	58
3353	58
1787	58
4558	58
2509	58
4511	58
4073	58
3623	58
3978	58
1372	58
4461	58
2505	58
1646	58
2485	58
2956	58
4560	58
1402	58
1555	58
4888	58
4521	58
4088	58
2191	58
3344	58
4186	58
3980	58
4312	58
2145	58
1604	58
1914	58
2748	58
3819	58
4997	58
1627	58
4902	58
1806	58
3505	58
3676	58
4573	58
1240	58
1621	58
2221	58
4165	58
3643	58
1937	58
2726	58
3275	58
1752	58
1830	58
2839	58
3708	58
3570	58
2488	58
1469	58
2734	58
1086	58
1564	58
2279	58
3497	58
2762	58
3590	58
2131	58
4270	58
2080	58
4314	58
4116	58
4535	58
2389	58
2047	58
2141	58
3613	58
4590	58
3258	58
4249	58
4185	58
4797	58
4086	58
3696	58
2520	58
1164	58
3547	58
4211	58
4110	58
1105	58
2072	58
4670	58
1815	58
1956	58
3745	58
2559	58
4141	58
2325	58
3428	58
4261	58
1850	58
1483	58
3457	58
4695	58
1516	58
4475	58
4612	58
1554	58
4638	58
4683	58
1063	58
4006	58
3177	58
1290	58
2257	58
1110	58
2089	58
2934	58
3610	58
3562	58
4761	58
4541	58
3817	58
3149	58
4909	58
4892	58
3138	58
4678	58
3811	58
1765	58
3061	58
1298	58
1405	58
1275	58
4750	58
3828	58
1224	58
2429	58
1093	58
1556	58
1568	58
4784	58
4395	58
4064	58
1341	58
3943	58
3944	58
3945	58
3946	58
3947	58
3948	58
3949	58
3950	58
3849	58
4411	58
2640	58
3738	58
4263	58
1303	58
3518	58
4363	58
4782	58
3021	58
4613	58
3615	58
2356	58
1870	58
4938	58
4434	58
2472	58
1629	58
2706	58
4931	58
3075	58
3876	58
4536	58
1495	58
1726	58
4561	58
3501	58
3687	58
2442	58
1338	58
1781	58
2112	58
1023	58
1104	58
4949	58
1633	58
2403	58
1973	58
4335	58
1529	58
3453	58
2973	58
3048	58
4133	58
3914	58
4051	58
1848	58
1944	58
1337	58
2823	58
4360	58
2025	58
4309	58
4473	58
4543	58
3400	58
2118	58
4520	58
3173	58
1419	58
4718	58
1885	58
1700	58
3799	58
3358	58
4468	58
1844	58
2534	58
1334	58
2073	58
1280	58
2504	58
3421	58
4601	58
2133	58
1653	58
1336	58
3251	58
1820	58
1907	58
3994	58
3274	58
3741	58
4552	58
3364	58
3631	58
4470	58
3123	58
1464	58
2107	58
1460	58
4871	58
1391	58
2301	58
2995	58
2074	58
1282	58
4828	58
2678	58
4362	58
4136	58
3456	58
2249	58
4529	58
1058	58
1619	58
4354	58
2342	58
2338	58
3880	58
2806	58
2077	58
3036	58
2938	58
3607	58
1761	58
3305	58
2204	58
4194	58
3553	58
3701	58
2284	58
2976	58
1835	58
4512	58
1417	58
1803	58
3484	58
3208	58
3762	58
2094	58
2223	58
4188	58
3956	58
3664	58
4781	58
4119	58
1011	58
3174	58
1380	58
4774	58
4534	58
1165	58
3655	58
3164	58
1846	58
4410	58
1805	58
3459	58
3627	58
2673	58
3414	58
4392	58
4423	58
1770	58
3658	58
1687	58
1777	58
1665	58
3747	58
2949	58
4458	58
4059	58
2164	58
4930	58
1931	58
1534	58
2455	58
4369	58
2842	58
1992	58
1342	58
1608	58
1235	58
3877	58
2117	58
4149	58
2414	58
2205	58
3180	58
1911	58
3260	58
1909	58
4359	58
3352	58
4418	58
1725	58
4556	58
4642	58
3361	58
2113	58
2778	58
1064	58
1535	58
1447	58
2945	58
1720	58
3388	58
3640	58
4999	58
1856	58
4987	58
2544	58
1656	58
3245	58
1484	58
3233	58
4293	58
3649	58
2477	58
2206	58
2377	58
3100	58
4546	58
4621	58
3875	58
4684	58
1729	58
3930	58
3082	58
3114	58
3115	58
4794	58
1934	58
3856	58
2495	58
2139	58
4294	58
3401	58
1080	58
1152	58
3348	58
3951	58
4519	58
2543	58
1191	58
3626	58
1863	58
2097	58
3369	58
1945	58
1445	58
3003	58
4517	58
1496	58
1438	58
2795	58
1120	58
2964	58
3081	58
1439	58
4734	58
1502	58
4595	58
2888	58
2661	58
3282	58
1182	58
1489	58
4252	58
4068	58
1470	58
2394	58
2777	58
2676	58
2068	58
1606	58
1657	58
3757	58
3520	58
1176	58
3796	58
1901	58
4467	58
1373	58
3447	58
4859	58
1270	58
3670	58
3458	58
1808	58
1879	58
4701	58
1615	58
3716	58
2146	58
2121	58
2000	58
2008	58
4868	58
3101	58
4958	58
1060	58
1074	58
2993	58
2577	58
1095	58
2045	58
3865	58
4542	58
4635	58
2207	58
1645	58
3656	58
2808	58
4776	58
2811	58
4268	58
4667	58
2449	58
2815	58
1581	58
1571	58
1296	58
2537	58
1319	58
3722	58
3933	58
4425	58
2386	58
1252	58
1289	58
3912	58
1908	58
3838	58
4785	58
4443	58
3255	58
3998	58
2157	58
2024	58
4492	58
2241	58
3858	58
2893	58
2233	58
2994	58
3340	58
2033	58
1766	58
4582	58
3657	58
2320	58
2647	58
3775	58
4383	58
4577	58
1300	58
1209	58
4918	58
2321	58
2966	58
1533	58
2611	58
3446	58
4749	58
3439	58
2424	58
1967	58
2059	58
2923	58
1591	58
4685	58
2576	58
2071	58
4460	58
3056	58
4732	58
1515	58
2218	58
2496	58
2606	58
3567	58
1129	58
2036	58
4471	58
4867	58
4789	58
2513	58
3826	58
3011	58
1474	58
2387	58
3905	58
3295	58
2596	58
4839	58
1832	58
4733	58
2859	58
4352	58
4866	58
2733	58
3882	58
4422	58
3027	58
3028	58
2359	58
2358	58
2848	58
1032	58
3597	58
3874	58
2971	58
2298	58
2294	58
2409	58
2018	58
1893	58
2573	58
3498	58
3574	58
1638	58
4780	58
2483	58
1053	58
2922	58
1711	58
9000	58
2083	58
4574	58
1239	58
4944	58
1151	58
2280	58
2065	58
3881	58
4869	58
1913	58
1732	58
3064	58
2846	58
3362	58
4736	58
4204	58
1708	58
4968	58
2106	58
4721	58
2032	58
3040	58
4451	58
4197	58
4554	58
1441	58
4005	58
2817	58
4673	58
1560	58
3824	58
2109	58
2410	58
2300	58
4681	58
2070	58
2232	58
1330	58
4370	58
3942	58
2373	58
2907	58
4895	58
1160	58
2822	58
1287	58
2772	58
2526	58
4125	58
2229	58
2430	58
1267	58
2208	58
1796	58
3510	58
1363	58
4203	58
4373	58
4466	58
4755	58
3541	58
3346	58
2354	58
4115	58
1180	58
3155	58
2283	58
1478	58
3662	58
2970	58
3052	58
3485	58
3393	58
1616	58
1772	58
1552	58
3146	58
4575	58
3754	58
4255	58
4297	58
4424	58
4482	58
1506	58
3705	58
3137	58
1892	58
4048	58
2308	58
3789	58
2941	58
1620	58
2782	58
2450	58
4779	58
3237	58
1817	58
1586	58
2431	58
2439	58
4447	58
1421	58
3450	58
4572	58
4113	58
1760	58
3682	58
2458	58
2612	58
4645	58
1660	58
2471	58
1335	58
2362	58
3780	58
3561	58
2539	58
1612	58
2392	58
2705	58
2696	58
2694	58
2693	58
2690	58
2689	58
2688	58
2718	58
2707	58
9516	58
2686	58
2685	58
2684	58
2682	58
2681	58
2680	58
2679	58
2677	58
2675	58
2674	58
2667	58
2666	58
2664	58
2660	58
2659	58
2658	58
2657	58
2655	58
2654	58
2653	58
2652	58
2651	58
2650	58
2649	58
2646	58
2645	58
2644	58
2643	58
2639	58
2638	58
2637	58
2633	58
2632	58
2631	58
2630	58
2629	58
2628	58
2627	58
2625	58
2620	58
2615	58
2605	58
2604	58
2602	58
2600	58
2599	58
2598	58
2595	58
2594	58
9152	58
2590	58
2589	58
2588	58
2586	58
2585	58
2583	58
2582	58
2580	58
2579	58
2578	58
2568	58
2567	58
2566	58
2565	58
2564	58
2563	58
2562	58
2561	58
2560	58
2558	58
2557	58
2555	58
2554	58
2552	58
2551	58
2550	58
2549	58
2548	58
2547	58
2545	58
2310	58
2309	58
2296	58
2292	58
2291	58
2290	58
2289	58
2287	58
2286	58
2276	58
2269	58
2266	58
2264	58
2259	58
2250	58
2245	58
2237	58
2228	58
2217	58
2215	58
2210	58
2134	58
1941	58
1940	58
1800	58
1778	58
1759	58
1733	58
1706	58
1639	58
1525	58
1505	58
1463	58
1326	58
1242	58
9001	58
9002	58
9003	58
9004	58
9005	58
9006	58
9007	58
9008	58
9009	58
9010	58
9011	58
9012	58
9013	58
9014	58
9015	58
9016	58
9017	58
9018	58
9019	58
9020	58
9030	58
9021	58
9022	58
9023	58
9024	58
9025	58
9026	58
9027	58
9031	58
9032	58
9033	58
9034	58
9035	58
9036	58
9037	58
9038	58
9039	58
9040	58
9041	58
9042	58
9043	58
9044	58
9045	58
9046	58
9047	58
9048	58
9049	58
9050	58
9051	58
9052	58
9053	58
9054	58
9055	58
9056	58
9057	58
9058	58
9059	58
9060	58
9061	58
9062	58
9063	58
9064	58
9065	58
9066	58
9067	58
9068	58
9069	58
9070	58
9071	58
9072	58
9073	58
9074	58
9075	58
9103	58
9076	58
9077	58
9078	58
9079	58
9080	58
9081	58
9082	58
9083	58
9084	58
9085	58
9086	58
9087	58
9088	58
9089	58
9090	58
9091	58
9104	58
9092	58
9093	58
9094	58
9095	58
9105	58
9096	58
9097	58
9098	58
9099	58
9100	58
9101	58
9102	58
9106	58
9107	58
9108	58
9109	58
9110	58
9111	58
9112	58
9113	58
9114	58
9115	58
9116	58
9117	58
9118	58
9119	58
9120	58
9153	58
9121	58
9122	58
9123	58
9154	58
9124	58
9125	58
9126	58
9127	58
9129	58
9130	58
9131	58
9132	58
9133	58
9134	58
9135	58
9136	58
9137	58
9138	58
9139	58
9140	58
9141	58
9142	58
10001	58
9143	58
9144	58
9145	58
9146	58
9147	58
9148	58
9155	58
9149	58
9150	58
9151	58
9156	58
9157	58
9158	58
9159	58
9160	58
9161	58
9162	58
9163	58
9164	58
9165	58
9166	58
9167	58
9168	58
9169	58
9170	58
9171	58
9172	58
9173	58
9174	58
9175	58
9176	58
9177	58
9178	58
9179	58
9180	58
9181	58
9182	58
9183	58
9184	58
9185	58
9186	58
9187	58
9188	58
9189	58
9190	58
9191	58
9192	58
9193	58
9194	58
9195	58
9196	58
9197	58
9198	58
9199	58
9200	58
9201	58
9202	58
9203	58
9204	58
9205	58
9206	58
9207	58
9208	58
9209	58
9210	58
9211	58
9212	58
9213	58
9214	58
9215	58
9216	58
9217	58
9218	58
9219	58
9220	58
9221	58
9222	58
9223	58
9224	58
9225	58
9226	58
9227	58
9228	58
9229	58
9230	58
9231	58
9232	58
9233	58
9234	58
9235	58
9236	58
9237	58
9238	58
9239	58
9240	58
9241	58
9242	58
9243	58
9244	58
9245	58
9246	58
9247	58
9248	58
9249	58
9250	58
9251	58
9252	58
9253	58
9254	58
9255	58
9256	58
9257	58
9258	58
9259	58
9260	58
9261	58
9262	58
9263	58
9264	58
9265	58
9266	58
9267	58
9268	58
9269	58
9270	58
9271	58
9272	58
9273	58
9274	58
9275	58
9276	58
9277	58
9278	58
9279	58
9280	58
9281	58
9291	58
9292	58
9293	58
9294	58
9295	58
9296	58
9297	58
1020	58
9306	58
9298	58
9299	58
9300	58
9301	58
9302	58
1076	58
9303	58
9304	58
9307	58
9308	58
9309	58
9310	58
9311	58
9312	58
9314	58
9315	58
9313	58
9316	58
9317	58
9517	58
9318	58
9518	58
9319	58
9320	58
9519	58
9322	58
9323	58
9324	58
9325	58
9326	58
9327	58
9328	58
9329	58
9330	58
9331	58
9332	58
9333	58
9334	58
9335	58
9336	58
9337	58
9338	58
9339	58
9340	58
9341	58
9342	58
9343	58
9344	58
9345	58
9346	58
9347	58
9348	58
9349	58
9350	58
9351	58
9352	58
9353	58
9354	58
9355	58
9356	58
9357	58
9358	58
9359	58
9360	58
9361	58
9362	58
9363	58
9364	58
9365	58
9366	58
9367	58
9368	58
9369	58
9370	58
9371	58
9372	58
9373	58
9374	58
9375	58
9376	58
9377	58
9378	58
9379	58
9380	58
9381	58
9382	58
9383	58
9384	58
9385	58
9386	58
9387	58
9388	58
9389	58
9390	58
9391	58
9392	58
9393	58
9394	58
9395	58
9396	58
9397	58
9398	58
9399	58
9400	58
9401	58
9402	58
9403	58
9404	58
9405	58
9406	58
9407	58
9408	58
9409	58
9410	58
9411	58
9412	58
9413	58
9414	58
9415	58
9416	58
9417	58
9418	58
9419	58
9420	58
9421	58
9422	58
9423	58
9424	58
9425	58
9426	58
9427	58
9428	58
9429	58
9430	58
9431	58
9432	58
9433	58
9434	58
9435	58
9436	58
9437	58
9438	58
9439	58
9440	58
9441	58
9442	58
9443	58
9444	58
9445	58
9446	58
9447	58
9448	58
9449	58
9450	58
9451	58
9452	58
9453	58
9454	58
9455	58
9456	58
9457	58
9458	58
9459	58
9460	58
9461	58
9462	58
9463	58
9464	58
9465	58
9466	58
9467	58
9468	58
9469	58
9470	58
9471	58
9472	58
9473	58
9474	58
9475	58
9476	58
9477	58
9478	58
9479	58
9480	58
9481	58
9482	58
9483	58
9484	58
9485	58
9486	58
9487	58
9488	58
9489	58
9490	58
9491	58
9492	58
9493	58
9494	58
9495	58
9496	58
9497	58
9498	58
9499	58
9500	58
9501	58
9502	58
9503	58
9504	58
9505	58
9506	58
9507	58
9508	58
9509	58
9510	58
9511	58
9512	58
9513	58
9514	58
9515	58
9520	58
9521	58
9522	58
9523	58
9524	58
9525	58
9526	58
9527	58
9528	58
9529	58
9530	58
9531	58
9532	58
9533	58
9534	58
9535	58
9536	58
9537	58
9538	58
9539	58
9540	58
9541	58
9542	58
9543	58
9544	58
9545	58
9546	58
9547	58
9548	58
9549	58
9550	58
9551	58
9552	58
9553	58
9554	58
9555	58
9556	58
9557	58
9558	58
9559	58
9560	58
9561	58
9562	58
9563	58
9564	58
9565	58
9566	58
9567	58
9568	58
9569	58
9570	58
9571	58
9572	58
9573	58
9574	58
9575	58
9576	58
9577	58
9578	58
9579	58
9580	58
9581	58
9582	58
9583	58
9584	58
9585	58
9586	58
9587	58
9588	58
9589	58
9590	58
9591	58
9592	58
9593	58
9594	58
9595	58
9596	58
9597	58
9598	58
9599	58
9600	58
9601	58
9602	58
9603	58
9604	58
9605	58
9606	58
9607	58
9608	58
9609	58
9610	58
9611	58
9612	58
9613	58
9626	58
9614	58
9615	58
9616	58
9617	58
9618	58
9619	58
9620	58
9621	58
9622	58
9623	58
9624	58
9625	58
9627	58
9628	58
9629	58
9630	58
9631	58
9632	58
9633	58
9634	58
9635	58
9636	58
9637	58
9638	58
9639	58
9640	58
9641	58
9642	58
9643	58
9644	58
9657	58
9658	58
9659	58
9660	58
9661	58
9662	58
9663	58
9664	58
9665	58
9666	58
9667	58
9668	58
9969	58
9970	58
9971	58
9687	58
9972	58
9688	58
9689	58
9690	58
9691	58
9692	58
9693	58
9694	58
9695	58
9696	58
9697	58
9698	58
9699	58
9700	58
9701	58
4027	58
4025	58
4023	58
4022	58
4016	58
4015	58
4014	58
4002	58
3967	58
3964	58
3962	58
3961	58
3959	58
3955	58
3941	58
3938	58
3937	58
4033	58
3931	58
9128	58
4155	58
4156	58
4157	58
4158	58
4159	58
4160	58
4145	58
4146	58
4147	58
4148	58
4093	58
4094	58
4095	58
4096	58
9645	58
9646	58
9647	58
9648	58
9649	58
9650	58
9651	58
9652	58
9653	58
9654	58
9655	58
9656	58
3147	58
4004	58
3689	58
4842	58
3324	58
3323	58
3322	58
3320	58
3319	58
3318	58
1746	58
3645	58
2671	58
1283	58
2648	58
4097	58
4098	58
4099	58
4100	58
4101	58
4081	58
4082	58
4083	58
4079	58
4062	58
4060	58
4056	58
4053	58
4049	58
4042	58
4039	58
4038	58
4037	58
4030	58
4029	58
2717	58
9669	58
9670	58
9671	58
9672	58
9673	58
9674	58
9675	58
9676	58
9677	58
9681	58
9678	58
9679	58
9680	58
9682	58
9683	58
9684	58
9685	58
9686	58
4032	58
4031	58
3936	58
3934	58
2316	58
1131	58
1132	58
1112	58
2768	58
2769	58
2272	58
4001	58
3987	58
4034	58
3984	58
3983	58
3977	58
3976	58
3970	58
3924	58
3923	58
3862	58
3861	58
3821	58
3810	58
3808	58
3807	58
3805	58
3804	58
3802	58
3333	58
3332	58
3331	58
3330	58
3328	58
3327	58
3326	58
3325	58